<?xml version="1.0" encoding="UTF-8"?>
<project-private xmlns="http://www.netbeans.org/ns/project-private/1">
    <editor-bookmarks xmlns="http://www.netbeans.org/ns/editor-bookmarks/2" lastBookmarkId="0"/>
    <open-files xmlns="http://www.netbeans.org/ns/projectui-open-files/2">
        <group>
            <file>file:/C:/Users/Gift%20Mashiya/Desktop/Computer%20science%20Final%20Year/INT316D/InT%20assignment/AmanziEJB/src/java/za/ac/tut/bl/CustomerProfileFacade.java</file>
            <file>file:/C:/Users/Gift%20Mashiya/Desktop/Computer%20science%20Final%20Year/INT316D/InT%20assignment/AmanziEJB/src/java/za/ac/tut/bl/UserFacade.java</file>
            <file>file:/C:/Users/Gift%20Mashiya/Desktop/Computer%20science%20Final%20Year/INT316D/InT%20assignment/AmanziEJB/src/java/za/ac/tut/bl/OrderItemFacadeLocal.java</file>
            <file>file:/C:/Users/Gift%20Mashiya/Desktop/Computer%20science%20Final%20Year/INT316D/InT%20assignment/AmanziEJB/src/java/za/ac/tut/bl/UserFacadeLocal.java</file>
            <file>file:/C:/Users/Gift%20Mashiya/Desktop/Computer%20science%20Final%20Year/INT316D/InT%20assignment/AmanziEJB/src/java/za/ac/tut/bl/ProductFacadeLocal.java</file>
            <file>file:/C:/Users/Gift%20Mashiya/Desktop/Computer%20science%20Final%20Year/INT316D/InT%20assignment/AmanziEJB/src/java/za/ac/tut/bl/ProductFacade.java</file>
        </group>
    </open-files>
</project-private>
