<?xml version="1.0" encoding="UTF-8"?>
<project-private xmlns="http://www.netbeans.org/ns/project-private/1">
    <editor-bookmarks xmlns="http://www.netbeans.org/ns/editor-bookmarks/2" lastBookmarkId="0"/>
    <open-files xmlns="http://www.netbeans.org/ns/projectui-open-files/2">
        <group>
            <file>file:/C:/Users/Gift%20Mashiya/Desktop/Computer%20science%20Final%20Year/INT316D/InT%20assignment/AmanziWebApplication/src/java/za/ac/tut/controller/LogOutServlet.java</file>
            <file>file:/C:/Users/Gift%20Mashiya/Desktop/Computer%20science%20Final%20Year/INT316D/InT%20assignment/AmanziWebApplication/web/index.html</file>
            <file>file:/C:/Users/Gift%20Mashiya/Desktop/Computer%20science%20Final%20Year/INT316D/InT%20assignment/AmanziWebApplication/web/login.jsp</file>
            <file>file:/C:/Users/Gift%20Mashiya/Desktop/Computer%20science%20Final%20Year/INT316D/InT%20assignment/AmanziWebApplication/web/loginError.jsp</file>
            <file>file:/C:/Users/Gift%20Mashiya/Desktop/Computer%20science%20Final%20Year/INT316D/InT%20assignment/AmanziWebApplication/web/employeeMenue.jsp</file>
            <file>file:/C:/Users/Gift%20Mashiya/Desktop/Computer%20science%20Final%20Year/INT316D/InT%20assignment/AmanziWebApplication/web/WEB-INF/glassfish-web.xml</file>
            <file>file:/C:/Users/Gift%20Mashiya/Desktop/Computer%20science%20Final%20Year/INT316D/InT%20assignment/AmanziWebApplication/web/WEB-INF/web.xml</file>
            <file>file:/C:/Users/Gift%20Mashiya/Desktop/Computer%20science%20Final%20Year/INT316D/InT%20assignment/AmanziWebApplication/src/java/za/ac/tut/controller/LoginServlet.java</file>
        </group>
    </open-files>
</project-private>
