<?xml version="1.0" encoding="UTF-8"?>
<project-private xmlns="http://www.netbeans.org/ns/project-private/1">
    <editor-bookmarks xmlns="http://www.netbeans.org/ns/editor-bookmarks/2" lastBookmarkId="0"/>
    <open-files xmlns="http://www.netbeans.org/ns/projectui-open-files/2">
        <group>
            <file>file:/C:/Users/nhlak/Documents/NetBeansProjects/AmanziEJB/src/java/za/ac/tut/entities/Product.java</file>
            <file>file:/C:/Users/nhlak/Documents/NetBeansProjects/AmanziEJB/src/java/za/ac/tut/entities/OrderItem.java</file>
            <file>file:/C:/Users/nhlak/Documents/NetBeansProjects/AmanziEJB/src/java/za/ac/tut/entities/User.java</file>
            <file>file:/C:/Users/nhlak/Documents/NetBeansProjects/AmanziEJB/src/java/za/ac/tut/entities/Order.java</file>
            <file>file:/C:/Users/nhlak/Documents/NetBeansProjects/AmanziEJB/src/java/za/ac/tut/entities/CustomerProfile.java</file>
        </group>
    </open-files>
</project-private>
