<?xml version="1.0" encoding="UTF-8"?>
<project-private xmlns="http://www.netbeans.org/ns/project-private/1">
    <editor-bookmarks xmlns="http://www.netbeans.org/ns/editor-bookmarks/2" lastBookmarkId="0"/>
    <open-files xmlns="http://www.netbeans.org/ns/projectui-open-files/2">
        <group>
            <file>file:/C:/Users/nhlak/Documents/NetBeansProjects/AmanziWebApplication/web/WEB-INF/web.xml</file>
            <file>file:/C:/Users/nhlak/Documents/NetBeansProjects/AmanziWebApplication/src/java/za/ac/tut/controller/CustomerOrderServlet.java</file>
            <file>file:/C:/Users/nhlak/Documents/NetBeansProjects/AmanziWebApplication/web/customer_menu.jsp</file>
            <file>file:/C:/Users/nhlak/Documents/NetBeansProjects/AmanziWebApplication/web/check_product_stock.jsp</file>
            <file>file:/C:/Users/nhlak/Documents/NetBeansProjects/AmanziWebApplication/web/index.html</file>
            <file>file:/C:/Users/nhlak/Documents/NetBeansProjects/AmanziWebApplication/src/java/za/ac/tut/controller/CheckStockServlet.java</file>
            <file>file:/C:/Users/nhlak/Documents/NetBeansProjects/AmanziWebApplication/web/customer_orders.jsp</file>
            <file>file:/C:/Users/nhlak/Documents/NetBeansProjects/AmanziWebApplication/web/manager_menu.jsp</file>
            <file>file:/C:/Users/nhlak/Documents/NetBeansProjects/AmanziWebApplication/web/register.jsp</file>
            <file>file:/C:/Users/nhlak/Documents/NetBeansProjects/AmanziWebApplication/web/login.jsp</file>
            <file>file:/C:/Users/nhlak/Documents/NetBeansProjects/AmanziWebApplication/web/check_stock.jsp</file>
        </group>
    </open-files>
</project-private>
